module,entity,guard,guard_role,line,condition,rtl,protects,gates_itself,protects_total
neorv32_bus,neorv32_bus_switch,state,internal state register,58,not (state = S_BUSY_A) | state = S_BUSY_A,if (state = S_BUSY_A) then,['a_req'],False,2
neorv32_bus,neorv32_bus_switch,state,internal state register,63,not (state = S_BUSY_B) | state = S_BUSY_B,if (state = S_BUSY_B) then,['b_req'],False,2
neorv32_cache,neorv32_cache_memory,we_i,input port,413,we_i(0) = '1',if (we_i(0) = '1') then,['data_mem_b0'],False,4
neorv32_cache,neorv32_cache_memory,we_i,input port,416,we_i(1) = '1',if (we_i(1) = '1') then,['data_mem_b1'],False,4
neorv32_cache,neorv32_cache_memory,we_i,input port,419,we_i(2) = '1',if (we_i(2) = '1') then,['data_mem_b2'],False,4
neorv32_cache,neorv32_cache_memory,we_i,input port,422,we_i(3) = '1',if (we_i(3) = '1') then,['data_mem_b3'],False,4
neorv32_cpu_cp_cfu,neorv32_cpu_cp_cfu,rtype_i,input port,204,(start_i = '1') and (rtype_i = r3type_c),if (start_i = '1') and (rtype_i = r3type_c) then,"['xtea.opa', 'xtea.opb']",False,2
neorv32_cpu_cp_cfu,neorv32_cpu_cp_cfu,start_i,input port,204,(start_i = '1') and (rtype_i = r3type_c),if (start_i = '1') and (rtype_i = r3type_c) then,"['xtea.opa', 'xtea.opb']",False,2
neorv32_cpu_cp_muldiv,neorv32_cpu_cp_muldiv,ctrl.state,internal state register,213,ctrl.state /= S_IDLE,elsif (ctrl.state /= S_IDLE) then,['mul.prod'],False,2
neorv32_cpu_cp_muldiv,neorv32_cpu_cp_muldiv,ctrl.state,internal state register,284,(ctrl.state = S_BUSY) or (ctrl.state = S_DONE),elsif (ctrl.state = S_BUSY) or (ctrl.state = S_DONE) then,['div.quotient'],False,2
neorv32_cpu_cp_muldiv,neorv32_cpu_cp_muldiv,ctrl.state,internal state register,284,(ctrl.state = S_BUSY) or (ctrl.state = S_DONE),elsif (ctrl.state = S_BUSY) or (ctrl.state = S_DONE) then,['div.quotient'],False,2
neorv32_cpu_cp_muldiv,neorv32_cpu_cp_muldiv,div.start,combinational decision,261,div.start = '1' | div.start = '1' | not (div.start = '1'),if (div.start = '1') then,"['div.quotient', 'div.rs2_abs', 'div.sign_mod']",False,3
neorv32_cpu_cp_muldiv,neorv32_cpu_cp_muldiv,mul.start,combinational decision,170,mul.start = '1',if (mul.start = '1') then,"['mul.dsp_x', 'mul.dsp_y']",False,3
neorv32_cpu_cp_muldiv,neorv32_cpu_cp_muldiv,mul.start,combinational decision,210,mul.start = '1' | not (mul.start = '1'),if (mul.start = '1') then,['mul.prod'],False,3
neorv32_imem,neorv32_imem,bus_req_i.ben,input port,115,bus_req_i.ben(0) = '1',if (bus_req_i.ben(0) = '1') then,['mem_ram_b0'],False,4
neorv32_imem,neorv32_imem,bus_req_i.ben,input port,118,bus_req_i.ben(1) = '1',if (bus_req_i.ben(1) = '1') then,['mem_ram_b1'],False,4
neorv32_imem,neorv32_imem,bus_req_i.ben,input port,121,bus_req_i.ben(2) = '1',if (bus_req_i.ben(2) = '1') then,['mem_ram_b2'],False,4
neorv32_imem,neorv32_imem,bus_req_i.ben,input port,124,bus_req_i.ben(3) = '1',if (bus_req_i.ben(3) = '1') then,['mem_ram_b3'],False,4
neorv32_imem,neorv32_imem,bus_req_i.ben,input port,144,bus_req_i.ben(0) = '1',if (bus_req_i.ben(0) = '1') then,['mem_ram_b0'],False,4
neorv32_imem,neorv32_imem,bus_req_i.ben,input port,147,bus_req_i.ben(1) = '1',if (bus_req_i.ben(1) = '1') then,['mem_ram_b1'],False,4
neorv32_imem,neorv32_imem,bus_req_i.ben,input port,150,bus_req_i.ben(2) = '1',if (bus_req_i.ben(2) = '1') then,['mem_ram_b2'],False,4
neorv32_imem,neorv32_imem,bus_req_i.ben,input port,153,bus_req_i.ben(3) = '1',if (bus_req_i.ben(3) = '1') then,['mem_ram_b3'],False,4
neorv32_imem,neorv32_imem,bus_req_i.rw,input port,114,(bus_req_i.stb = '1') and (bus_req_i.rw = '1'),if (bus_req_i.stb = '1') and (bus_req_i.rw = '1') then,"['mem_ram_b0', 'mem_ram_b1', 'mem_ram_b2', 'mem_ram_b3']",False,4
neorv32_imem,neorv32_imem,bus_req_i.rw,input port,143,(bus_req_i.stb = '1') and (bus_req_i.rw = '1'),if (bus_req_i.stb = '1') and (bus_req_i.rw = '1') then,"['mem_ram_b0', 'mem_ram_b1', 'mem_ram_b2', 'mem_ram_b3']",False,4
neorv32_imem,neorv32_imem,bus_req_i.stb,input port,114,(bus_req_i.stb = '1') and (bus_req_i.rw = '1'),if (bus_req_i.stb = '1') and (bus_req_i.rw = '1') then,"['mem_ram_b0', 'mem_ram_b1', 'mem_ram_b2', 'mem_ram_b3']",False,4
neorv32_imem,neorv32_imem,bus_req_i.stb,input port,143,(bus_req_i.stb = '1') and (bus_req_i.rw = '1'),if (bus_req_i.stb = '1') and (bus_req_i.rw = '1') then,"['mem_ram_b0', 'mem_ram_b1', 'mem_ram_b2', 'mem_ram_b3']",False,4
neorv32_spi,neorv32_spi,bus_req_i.addr,input port,139,bus_req_i.addr(2) = '0',if (bus_req_i.addr(2) = '0') then,"['ctrl.cdiv', 'ctrl.cpha', 'ctrl.cpol', 'ctrl.enable', 'ctrl.highspeed', 'ctrl.irq_idle', 'ctrl.irq_rx_avail', 'ctrl.irq_tx_empty', 'ctrl.irq_tx_nhalf', 'ctrl.prsc']",False,10
neorv32_spi,neorv32_spi,bus_req_i.rw,input port,138,bus_req_i.rw = '1',if (bus_req_i.rw = '1') then,"['ctrl.cdiv', 'ctrl.cpha', 'ctrl.cpol', 'ctrl.enable', 'ctrl.highspeed', 'ctrl.irq_idle', 'ctrl.irq_rx_avail', 'ctrl.irq_tx_empty', 'ctrl.irq_tx_nhalf', 'ctrl.prsc']",False,10
neorv32_spi,neorv32_spi,bus_req_i.stb,input port,137,bus_req_i.stb = '1',if (bus_req_i.stb = '1') then,"['ctrl.cdiv', 'ctrl.cpha', 'ctrl.cpol', 'ctrl.enable', 'ctrl.highspeed', 'ctrl.irq_idle', 'ctrl.irq_rx_avail', 'ctrl.irq_tx_empty', 'ctrl.irq_tx_nhalf', 'ctrl.prsc']",False,10
neorv32_trng,neorv32_trng,bus_req_i.rw,input port,104,bus_req_i.rw = '1',if (bus_req_i.rw = '1') then,"['enable', 'fifo_clr']",False,2
neorv32_trng,neorv32_trng,bus_req_i.stb,input port,103,bus_req_i.stb = '1',if (bus_req_i.stb = '1') then,"['enable', 'fifo_clr']",False,2
neorv32_twi,neorv32_twi,bus_req_i.addr,input port,135,bus_req_i.addr(2) = '0',if (bus_req_i.addr(2) = '0') then,"['ctrl.cdiv', 'ctrl.clkstr', 'ctrl.enable', 'ctrl.prsc']",False,4
neorv32_twi,neorv32_twi,bus_req_i.rw,input port,134,bus_req_i.rw = '1',if (bus_req_i.rw = '1') then,"['ctrl.cdiv', 'ctrl.clkstr', 'ctrl.enable', 'ctrl.prsc']",False,4
neorv32_twi,neorv32_twi,bus_req_i.stb,input port,133,bus_req_i.stb = '1',if (bus_req_i.stb = '1') then,"['ctrl.cdiv', 'ctrl.clkstr', 'ctrl.enable', 'ctrl.prsc']",False,4
neorv32_uart,neorv32_uart,bus_req_i.addr,input port,178,bus_req_i.addr(2) = '0',if (bus_req_i.addr(2) = '0') then,"['ctrl.baud', 'ctrl.clr_rx', 'ctrl.clr_tx', 'ctrl.enable', 'ctrl.hwfc_en', 'ctrl.irq_rx_full', 'ctrl.irq_rx_half', 'ctrl.irq_rx_nempty', 'ctrl.irq_tx_empty', 'ctrl.irq_tx_nhalf', 'ctrl.prsc', 'ctrl.sim_mode']",False,12
neorv32_uart,neorv32_uart,bus_req_i.rw,input port,177,bus_req_i.rw = '1',if (bus_req_i.rw = '1') then,"['ctrl.baud', 'ctrl.clr_rx', 'ctrl.clr_tx', 'ctrl.enable', 'ctrl.hwfc_en', 'ctrl.irq_rx_full', 'ctrl.irq_rx_half', 'ctrl.irq_rx_nempty', 'ctrl.irq_tx_empty', 'ctrl.irq_tx_nhalf', 'ctrl.prsc', 'ctrl.sim_mode']",False,12
neorv32_uart,neorv32_uart,bus_req_i.stb,input port,176,bus_req_i.stb = '1',if (bus_req_i.stb = '1') then,"['ctrl.baud', 'ctrl.clr_rx', 'ctrl.clr_tx', 'ctrl.enable', 'ctrl.hwfc_en', 'ctrl.irq_rx_full', 'ctrl.irq_rx_half', 'ctrl.irq_rx_nempty', 'ctrl.irq_tx_empty', 'ctrl.irq_tx_nhalf', 'ctrl.prsc', 'ctrl.sim_mode']",False,12
neorv32_wdt,neorv32_wdt,bus_req_i.addr,input port,92,bus_req_i.addr(2) = '0',if (bus_req_i.addr(2) = '0') then,"['ctrl.enable', 'ctrl.lock', 'ctrl.strict', 'ctrl.timeout']",False,4
neorv32_wdt,neorv32_wdt,bus_req_i.rw,input port,91,bus_req_i.rw = '1',if (bus_req_i.rw = '1') then,"['ctrl.enable', 'ctrl.lock', 'ctrl.strict', 'ctrl.timeout']",False,4
neorv32_wdt,neorv32_wdt,bus_req_i.stb,input port,90,bus_req_i.stb = '1',if (bus_req_i.stb = '1') then,"['ctrl.enable', 'ctrl.lock', 'ctrl.strict', 'ctrl.timeout']",False,4
neorv32_wdt,neorv32_wdt,ctrl.lock,input-written register,93,ctrl.lock = '0',if (ctrl.lock = '0') then,"['ctrl.enable', 'ctrl.strict', 'ctrl.timeout']",True,3
neorv32_cpu_counters,neorv32_cpu_counters_cnt,sel_i,input port,302,(we_i = '1') and (sel_i = '0') | not ((we_i = '1') and (sel_i = '0')),if (we_i = '1') and (sel_i = '0') then,['lo_q'],False,2
neorv32_cpu_counters,neorv32_cpu_counters_cnt,sel_i,input port,325,(we_i = '1') and (sel_i = '1') | not ((we_i = '1') and (sel_i = '1')),if (we_i = '1') and (sel_i = '1') then,['hi_q'],False,2
neorv32_cpu_counters,neorv32_cpu_counters_cnt,we_i,input port,302,(we_i = '1') and (sel_i = '0') | not ((we_i = '1') and (sel_i = '0')),if (we_i = '1') and (sel_i = '0') then,['lo_q'],False,2
neorv32_cpu_counters,neorv32_cpu_counters_cnt,we_i,input port,325,(we_i = '1') and (sel_i = '1') | not ((we_i = '1') and (sel_i = '1')),if (we_i = '1') and (sel_i = '1') then,['hi_q'],False,2
neorv32_cpu_cp_bitmanip,neorv32_cpu_cp_bitmanip,ctrl_i.alu_cp_alu,input port,187,ctrl_i.alu_cp_alu = '1',if (ctrl_i.alu_cp_alu = '1') then,"['less_reg', 'rs1_reg', 'rs2_reg', 'sha_reg']",False,4
neorv32_cpu_cp_crypto,neorv32_cpu_cp_crypto,cmd_valid,combinational decision,312,cmd_valid = '1',if (cmd_valid = '1') then,"['funct12', 'funct3', 'rs1', 'rs2']",False,4
neorv32_cpu_cp_fpu,neorv32_cpu_cp_fpu,csr_addr_i,input port,282,csr_addr_i = csr_fflags_c(1 downto 0),if (csr_addr_i = csr_fflags_c(1 downto 0)) then,['csr_fflags'],False,2
neorv32_cpu_cp_fpu,neorv32_cpu_cp_fpu,csr_addr_i,input port,286,csr_addr_i = csr_frm_c(1 downto 0),if (csr_addr_i = csr_frm_c(1 downto 0)) then,['csr_frm'],False,2
neorv32_cpu_cp_fpu,neorv32_cpu_cp_fpu,csr_addr_i,input port,290,csr_addr_i = csr_fcsr_c(1 downto 0),if (csr_addr_i = csr_fcsr_c(1 downto 0)) then,"['csr_fflags', 'csr_frm']",False,2
neorv32_cpu_cp_fpu,neorv32_cpu_cp_fpu,csr_we_i,input port,280,csr_we_i = '1' | csr_we_i = '1' | not (csr_we_i = '1'),if (csr_we_i = '1') then,"['csr_fflags', 'csr_frm']",False,2
neorv32_cpu_cp_fpu,neorv32_cpu_cp_fpu,ctrl_i.ir_funct12,input port,746,(ctrl_i.ir_funct12(0) = '0') and (rs1_i(31) = '1') | not ((ctrl_i.ir_funct12(0) = '0') and (rs1_i(31) = '1')),if (ctrl_i.ir_funct12(0) = '0') and (rs1_i(31) = '1') then,"['fu_conv_i2f.result', 'fu_conv_i2f.sign']",False,2
neorv32_cpu_cp_fpu,neorv32_cpu_cp_fpu,rs1_i,input port,746,(ctrl_i.ir_funct12(0) = '0') and (rs1_i(31) = '1') | not ((ctrl_i.ir_funct12(0) = '0') and (rs1_i(31) = '1')),if (ctrl_i.ir_funct12(0) = '0') and (rs1_i(31) = '1') then,"['fu_conv_i2f.result', 'fu_conv_i2f.sign']",False,2
neorv32_cpu_cp_fpu,neorv32_cpu_cp_fpu_f2i,start_i,input port,2090,start_i = '1',if (start_i = '1') then,"['ctrl.class', 'ctrl.cnt', 'ctrl.sign', 'sreg.mant']",False,4
neorv32_cpu_cp_fpu,neorv32_cpu_cp_fpu_normalizer,start_i,input port,1664,start_i = '1',if (start_i = '1') then,"['ctrl.class', 'ctrl.cnt', 'ctrl.flags']",False,3
neorv32_cpu_cp_shifter,neorv32_cpu_cp_shifter,shifter.run,combinational decision,96,shifter.run = '1',elsif (shifter.run = '1') then,"['shifter.cnt', 'shifter.sreg']",False,2
neorv32_cpu_cp_shifter,neorv32_cpu_cp_shifter,valid_cmd,combinational decision,93,not (valid_cmd = '1') | valid_cmd = '1',if (valid_cmd = '1') then,"['shifter.cnt', 'shifter.sreg']",False,2
neorv32_cpu_lsu,neorv32_cpu_lsu,ctrl_i.lsu_mo_we,input port,55,ctrl_i.lsu_mo_we = '1',if (ctrl_i.lsu_mo_we = '1') then,"['mar', 'misaligned']",False,2
neorv32_debug_dm,neorv32_debug_dm,dm_ctrl.busy,combinational decision,438,"(dmi_req_i.addr = addr_command_c) and (dmi_wren_auth = '1') and (dm_ctrl.busy = '0') and (dm_ctrl.cmderr = ""000"")","if (dmi_req_i.addr = addr_command_c) and (dmi_wren_auth = '1') and (dm_ctrl.busy = '0') and (dm_ctrl.cmderr = ""000"") then",['dm_reg.command'],False,4
neorv32_debug_dm,neorv32_debug_dm,dm_ctrl.busy,combinational decision,443,(dmi_req_i.addr = addr_abstractauto_c) and (dmi_wren_auth = '1') and (dm_ctrl.busy = '0'),if (dmi_req_i.addr = addr_abstractauto_c) and (dmi_wren_auth = '1') and (dm_ctrl.busy = '0') then,"['dm_reg.abstractauto_autoexecdata', 'dm_reg.abstractauto_autoexecprogbuf']",False,4
neorv32_debug_dm,neorv32_debug_dm,dm_ctrl.busy,combinational decision,464,(dmi_req_i.addr = addr_progbuf0_c) and (dmi_wren_auth = '1') and (dm_ctrl.busy = '0'),if (dmi_req_i.addr = addr_progbuf0_c) and (dmi_wren_auth = '1') and (dm_ctrl.busy = '0') then,['dm_reg.progbuf'],False,4
neorv32_debug_dm,neorv32_debug_dm,dm_ctrl.busy,combinational decision,469,(dmi_req_i.addr = addr_progbuf1_c) and (dmi_wren_auth = '1') and (dm_ctrl.busy = '0'),if (dmi_req_i.addr = addr_progbuf1_c) and (dmi_wren_auth = '1') and (dm_ctrl.busy = '0') then,['dm_reg.progbuf'],False,4
neorv32_debug_dm,neorv32_debug_dm,dmi_req_i.addr,input port,424,dmi_req_i.addr = addr_dmcontrol_c,if (dmi_req_i.addr = addr_dmcontrol_c) then,"['dm_reg.dmcontrol_dmactive', 'dm_reg.dmcontrol_ndmreset', 'dm_reg.halt_req', 'dm_reg.hartsel', 'dm_reg.req_res', 'dm_reg.reset_ack']",False,10
neorv32_debug_dm,neorv32_debug_dm,dmi_req_i.addr,input port,438,"(dmi_req_i.addr = addr_command_c) and (dmi_wren_auth = '1') and (dm_ctrl.busy = '0') and (dm_ctrl.cmderr = ""000"")","if (dmi_req_i.addr = addr_command_c) and (dmi_wren_auth = '1') and (dm_ctrl.busy = '0') and (dm_ctrl.cmderr = ""000"") then",['dm_reg.command'],False,10
neorv32_debug_dm,neorv32_debug_dm,dmi_req_i.addr,input port,443,(dmi_req_i.addr = addr_abstractauto_c) and (dmi_wren_auth = '1') and (dm_ctrl.busy = '0'),if (dmi_req_i.addr = addr_abstractauto_c) and (dmi_wren_auth = '1') and (dm_ctrl.busy = '0') then,"['dm_reg.abstractauto_autoexecdata', 'dm_reg.abstractauto_autoexecprogbuf']",False,10
neorv32_debug_dm,neorv32_debug_dm,dmi_req_i.addr,input port,464,(dmi_req_i.addr = addr_progbuf0_c) and (dmi_wren_auth = '1') and (dm_ctrl.busy = '0'),if (dmi_req_i.addr = addr_progbuf0_c) and (dmi_wren_auth = '1') and (dm_ctrl.busy = '0') then,['dm_reg.progbuf'],False,10
neorv32_debug_dm,neorv32_debug_dm,dmi_req_i.addr,input port,469,(dmi_req_i.addr = addr_progbuf1_c) and (dmi_wren_auth = '1') and (dm_ctrl.busy = '0'),if (dmi_req_i.addr = addr_progbuf1_c) and (dmi_wren_auth = '1') and (dm_ctrl.busy = '0') then,['dm_reg.progbuf'],False,10
neorv32_debug_dm,neorv32_debug_dm,dmi_wren_auth,combinational decision,425,dmi_wren_auth = '1',if (dmi_wren_auth = '1') then,"['dm_reg.dmcontrol_ndmreset', 'dm_reg.halt_req', 'dm_reg.hartsel', 'dm_reg.req_res', 'dm_reg.reset_ack']",False,9
neorv32_debug_dm,neorv32_debug_dm,dmi_wren_auth,combinational decision,438,"(dmi_req_i.addr = addr_command_c) and (dmi_wren_auth = '1') and (dm_ctrl.busy = '0') and (dm_ctrl.cmderr = ""000"")","if (dmi_req_i.addr = addr_command_c) and (dmi_wren_auth = '1') and (dm_ctrl.busy = '0') and (dm_ctrl.cmderr = ""000"") then",['dm_reg.command'],False,9
neorv32_debug_dm,neorv32_debug_dm,dmi_wren_auth,combinational decision,443,(dmi_req_i.addr = addr_abstractauto_c) and (dmi_wren_auth = '1') and (dm_ctrl.busy = '0'),if (dmi_req_i.addr = addr_abstractauto_c) and (dmi_wren_auth = '1') and (dm_ctrl.busy = '0') then,"['dm_reg.abstractauto_autoexecdata', 'dm_reg.abstractauto_autoexecprogbuf']",False,9
neorv32_debug_dm,neorv32_debug_dm,dmi_wren_auth,combinational decision,464,(dmi_req_i.addr = addr_progbuf0_c) and (dmi_wren_auth = '1') and (dm_ctrl.busy = '0'),if (dmi_req_i.addr = addr_progbuf0_c) and (dmi_wren_auth = '1') and (dm_ctrl.busy = '0') then,['dm_reg.progbuf'],False,9
neorv32_debug_dm,neorv32_debug_dm,dmi_wren_auth,combinational decision,469,(dmi_req_i.addr = addr_progbuf1_c) and (dmi_wren_auth = '1') and (dm_ctrl.busy = '0'),if (dmi_req_i.addr = addr_progbuf1_c) and (dmi_wren_auth = '1') and (dm_ctrl.busy = '0') then,['dm_reg.progbuf'],False,9
neorv32_dmem,neorv32_dmem,bus_req_i.ben,input port,62,bus_req_i.ben(0) = '1',if (bus_req_i.ben(0) = '1') then,['mem_ram_b0'],False,4
neorv32_dmem,neorv32_dmem,bus_req_i.ben,input port,65,bus_req_i.ben(1) = '1',if (bus_req_i.ben(1) = '1') then,['mem_ram_b1'],False,4
neorv32_dmem,neorv32_dmem,bus_req_i.ben,input port,68,bus_req_i.ben(2) = '1',if (bus_req_i.ben(2) = '1') then,['mem_ram_b2'],False,4
neorv32_dmem,neorv32_dmem,bus_req_i.ben,input port,71,bus_req_i.ben(3) = '1',if (bus_req_i.ben(3) = '1') then,['mem_ram_b3'],False,4
neorv32_dmem,neorv32_dmem,bus_req_i.ben,input port,91,bus_req_i.ben(0) = '1',if (bus_req_i.ben(0) = '1') then,['mem_ram_b0'],False,4
neorv32_dmem,neorv32_dmem,bus_req_i.ben,input port,94,bus_req_i.ben(1) = '1',if (bus_req_i.ben(1) = '1') then,['mem_ram_b1'],False,4
neorv32_dmem,neorv32_dmem,bus_req_i.ben,input port,97,bus_req_i.ben(2) = '1',if (bus_req_i.ben(2) = '1') then,['mem_ram_b2'],False,4
neorv32_dmem,neorv32_dmem,bus_req_i.ben,input port,100,bus_req_i.ben(3) = '1',if (bus_req_i.ben(3) = '1') then,['mem_ram_b3'],False,4
neorv32_dmem,neorv32_dmem,bus_req_i.rw,input port,61,(bus_req_i.stb = '1') and (bus_req_i.rw = '1'),if (bus_req_i.stb = '1') and (bus_req_i.rw = '1') then,"['mem_ram_b0', 'mem_ram_b1', 'mem_ram_b2', 'mem_ram_b3']",False,4
neorv32_dmem,neorv32_dmem,bus_req_i.rw,input port,90,(bus_req_i.stb = '1') and (bus_req_i.rw = '1'),if (bus_req_i.stb = '1') and (bus_req_i.rw = '1') then,"['mem_ram_b0', 'mem_ram_b1', 'mem_ram_b2', 'mem_ram_b3']",False,4
neorv32_dmem,neorv32_dmem,bus_req_i.stb,input port,61,(bus_req_i.stb = '1') and (bus_req_i.rw = '1'),if (bus_req_i.stb = '1') and (bus_req_i.rw = '1') then,"['mem_ram_b0', 'mem_ram_b1', 'mem_ram_b2', 'mem_ram_b3']",False,4
neorv32_dmem,neorv32_dmem,bus_req_i.stb,input port,90,(bus_req_i.stb = '1') and (bus_req_i.rw = '1'),if (bus_req_i.stb = '1') and (bus_req_i.rw = '1') then,"['mem_ram_b0', 'mem_ram_b1', 'mem_ram_b2', 'mem_ram_b3']",False,4
neorv32_gpio,neorv32_gpio,bus_req_i.rw,input port,72,bus_req_i.rw = '1',if (bus_req_i.rw = '1') then,"['irq_clrn', 'irq_en', 'irq_pol', 'irq_typ', 'port_out']",False,5
neorv32_gpio,neorv32_gpio,bus_req_i.stb,input port,71,bus_req_i.stb = '1',if (bus_req_i.stb = '1') then,"['irq_clrn', 'irq_en', 'irq_pol', 'irq_typ', 'port_out']",False,5
neorv32_gptmr,neorv32_gptmr,bus_req_i.addr,input port,75,"bus_req_i.addr(3 downto 2) = ""00""","if (bus_req_i.addr(3 downto 2) = ""00"") then","['ctrl', 'irq_clr']",False,3
neorv32_gptmr,neorv32_gptmr,bus_req_i.addr,input port,83,"bus_req_i.addr(3 downto 2) = ""01""","if (bus_req_i.addr(3 downto 2) = ""01"") then",['timer.thres'],False,3
neorv32_gptmr,neorv32_gptmr,bus_req_i.rw,input port,74,bus_req_i.rw = '1',if (bus_req_i.rw = '1') then,"['ctrl', 'irq_clr', 'timer.thres']",False,3
neorv32_gptmr,neorv32_gptmr,bus_req_i.stb,input port,73,bus_req_i.stb = '1',if (bus_req_i.stb = '1') then,"['ctrl', 'irq_clr', 'timer.thres']",False,3
neorv32_neoled,neorv32_neoled,bus_req_i.addr,input port,129,bus_req_i.addr(2) = '0',if (bus_req_i.addr(2) = '0') then,"['ctrl.clk_prsc', 'ctrl.enable', 'ctrl.irq_conf', 'ctrl.mode', 'ctrl.strobe', 'ctrl.t0_high', 'ctrl.t1_high', 'ctrl.t_total']",False,8
neorv32_neoled,neorv32_neoled,bus_req_i.rw,input port,128,bus_req_i.rw = '1',if (bus_req_i.rw = '1') then,"['ctrl.clk_prsc', 'ctrl.enable', 'ctrl.irq_conf', 'ctrl.mode', 'ctrl.strobe', 'ctrl.t0_high', 'ctrl.t1_high', 'ctrl.t_total']",False,8
neorv32_neoled,neorv32_neoled,bus_req_i.stb,input port,127,bus_req_i.stb = '1',if (bus_req_i.stb = '1') then,"['ctrl.clk_prsc', 'ctrl.enable', 'ctrl.irq_conf', 'ctrl.mode', 'ctrl.strobe', 'ctrl.t0_high', 'ctrl.t1_high', 'ctrl.t_total']",False,8
neorv32_onewire,neorv32_onewire,bus_req_i.addr,input port,141,(bus_req_i.stb = '1') and (bus_req_i.rw = '1') and (bus_req_i.addr(2) = '0'),if (bus_req_i.stb = '1') and (bus_req_i.rw = '1') and (bus_req_i.addr(2) = '0') then,"['ctrl.clear', 'ctrl.clk_div', 'ctrl.clk_prsc', 'ctrl.enable']",False,4
neorv32_onewire,neorv32_onewire,bus_req_i.rw,input port,141,(bus_req_i.stb = '1') and (bus_req_i.rw = '1') and (bus_req_i.addr(2) = '0'),if (bus_req_i.stb = '1') and (bus_req_i.rw = '1') and (bus_req_i.addr(2) = '0') then,"['ctrl.clear', 'ctrl.clk_div', 'ctrl.clk_prsc', 'ctrl.enable']",False,4
neorv32_onewire,neorv32_onewire,bus_req_i.stb,input port,141,(bus_req_i.stb = '1') and (bus_req_i.rw = '1') and (bus_req_i.addr(2) = '0'),if (bus_req_i.stb = '1') and (bus_req_i.rw = '1') and (bus_req_i.addr(2) = '0') then,"['ctrl.clear', 'ctrl.clk_div', 'ctrl.clk_prsc', 'ctrl.enable']",False,4
neorv32_pwm,neorv32_pwm_channel,we_i,input port,183,we_i = '1',if (we_i = '1') then,"['cfg_cdiv', 'cfg_duty', 'cfg_en', 'cfg_pol', 'cfg_prsc']",False,5
neorv32_sdi,neorv32_sdi,bus_req_i.addr,input port,132,bus_req_i.addr(2) = '0',if (bus_req_i.addr(2) = '0') then,"['ctrl.enable', 'ctrl.irq_rx_avail', 'ctrl.irq_rx_full', 'ctrl.irq_rx_half', 'ctrl.irq_tx_empty', 'ctrl.irq_tx_nhalf']",False,6
neorv32_sdi,neorv32_sdi,bus_req_i.rw,input port,131,bus_req_i.rw = '1',if (bus_req_i.rw = '1') then,"['ctrl.enable', 'ctrl.irq_rx_avail', 'ctrl.irq_rx_full', 'ctrl.irq_rx_half', 'ctrl.irq_tx_empty', 'ctrl.irq_tx_nhalf']",False,6
neorv32_sdi,neorv32_sdi,bus_req_i.stb,input port,130,bus_req_i.stb = '1',if (bus_req_i.stb = '1') then,"['ctrl.enable', 'ctrl.irq_rx_avail', 'ctrl.irq_rx_full', 'ctrl.irq_rx_half', 'ctrl.irq_tx_empty', 'ctrl.irq_tx_nhalf']",False,6
neorv32_slink,neorv32_slink,bus_req_i.addr,input port,147,"bus_req_i.addr(3 downto 2) = ""00""","if (bus_req_i.addr(3 downto 2) = ""00"") then","['ctrl.enable', 'ctrl.irq_rx_full', 'ctrl.irq_rx_half', 'ctrl.irq_rx_nempty', 'ctrl.irq_tx_empty', 'ctrl.irq_tx_nfull', 'ctrl.irq_tx_nhalf', 'ctrl.rx_clr', 'ctrl.tx_clr']",False,10
neorv32_slink,neorv32_slink,bus_req_i.addr,input port,160,"bus_req_i.addr(3 downto 2) = ""01""","if (bus_req_i.addr(3 downto 2) = ""01"") then",['route_dst'],False,10
neorv32_slink,neorv32_slink,bus_req_i.rw,input port,145,bus_req_i.rw = '1',if (bus_req_i.rw = '1') then,"['ctrl.enable', 'ctrl.irq_rx_full', 'ctrl.irq_rx_half', 'ctrl.irq_rx_nempty', 'ctrl.irq_tx_empty', 'ctrl.irq_tx_nfull', 'ctrl.irq_tx_nhalf', 'ctrl.rx_clr', 'ctrl.tx_clr', 'route_dst']",False,10
neorv32_slink,neorv32_slink,bus_req_i.stb,input port,143,bus_req_i.stb = '1',if (bus_req_i.stb = '1') then,"['ctrl.enable', 'ctrl.irq_rx_full', 'ctrl.irq_rx_half', 'ctrl.irq_rx_nempty', 'ctrl.irq_tx_empty', 'ctrl.irq_tx_nfull', 'ctrl.irq_tx_nhalf', 'ctrl.rx_clr', 'ctrl.tx_clr', 'route_dst']",False,10
neorv32_sysinfo,neorv32_sysinfo,bus_req_i.stb,input port,94,"(bus_req_i.stb = '1') and (bus_req_i.rw = '1') and (bus_req_i.addr(3 downto 2) = ""00"")","if (bus_req_i.stb = '1') and (bus_req_i.rw = '1') and (bus_req_i.addr(3 downto 2) = ""00"") then",['sysinfo'],False,2
neorv32_sysinfo,neorv32_sysinfo,bus_req_i.stb,input port,161,bus_req_i.stb = '1',if (bus_req_i.stb = '1') then,['buf_adr'],False,2
neorv32_twd,neorv32_twd,bus_req_i.addr,input port,158,bus_req_i.addr(2) = '0',if (bus_req_i.addr(2) = '0') then,"['ctrl.clr_rx', 'ctrl.clr_tx', 'ctrl.device_addr', 'ctrl.enable', 'ctrl.fsel', 'ctrl.hide_read', 'ctrl.irq_rx_avail', 'ctrl.irq_rx_full', 'ctrl.irq_tx_empty', 'ctrl.tx_dummy_en']",False,10
neorv32_twd,neorv32_twd,bus_req_i.rw,input port,157,bus_req_i.rw = '1',if (bus_req_i.rw = '1') then,"['ctrl.clr_rx', 'ctrl.clr_tx', 'ctrl.device_addr', 'ctrl.enable', 'ctrl.fsel', 'ctrl.hide_read', 'ctrl.irq_rx_avail', 'ctrl.irq_rx_full', 'ctrl.irq_tx_empty', 'ctrl.tx_dummy_en']",False,10
neorv32_twd,neorv32_twd,bus_req_i.stb,input port,156,bus_req_i.stb = '1',if (bus_req_i.stb = '1') then,"['ctrl.clr_rx', 'ctrl.clr_tx', 'ctrl.device_addr', 'ctrl.enable', 'ctrl.fsel', 'ctrl.hide_read', 'ctrl.irq_rx_avail', 'ctrl.irq_rx_full', 'ctrl.irq_tx_empty', 'ctrl.tx_dummy_en']",False,10
neorv32_twd,neorv32_twd,ctrl.enable,input-written register,315,ctrl.enable = '1' | not (ctrl.enable = '1'),if (ctrl.enable = '1') then,"['smp.scl_sreg', 'smp.sda_sreg']",False,2
neorv32_twd,neorv32_twd,smp.clk_en,combinational decision,316,smp.clk_en = '1',if (smp.clk_en = '1') then,"['smp.scl_sreg', 'smp.sda_sreg']",False,2
