module,split,entities,ports,signals,elements,record_parents,occurrences,records,records_data,records_control,records_timing,registers,stored_outputs,input_written_registers,input_written_from_write_data,input_written_from_other_input,exported_registers,registers_with_reset,no_reset_share,clocks,control_hubs,top_hub,write_guards,write_guards_internal,subunit_connections,subunit_instances,unused_elements,control_only_sources,reference_entries
neorv32_bus,tuning,6,811,59,870,100,1640,575,305,216,54,17,15,5,0,5,5,17,0.0,1,3,sel (14),1,1,6,1,620,12,11
neorv32_cache,tuning,2,46,40,86,8,427,259,71,162,26,16,1,4,4,0,7,10,0.375,1,2,ctrl.state (22),1,0,10,1,11,16,6
neorv32_cpu,tuning,1,49,66,115,8,211,14,14,0,0,0,0,0,0,0,0,0,,0,0,,0,0,72,8,75,0,14
neorv32_cpu_cp_cfu,tuning,1,16,13,29,1,153,104,41,47,16,6,0,3,1,2,3,6,0.0,1,2,funct3_i (9),2,0,0,0,3,5,11
neorv32_cpu_cp_muldiv,tuning,1,46,24,70,4,399,175,58,89,28,10,0,6,0,6,3,10,0.0,1,2,ctrl_i.ir_funct3 (9),3,3,0,0,34,8,12
neorv32_cpu_pmp,tuning,1,45,17,62,1,251,127,29,82,16,3,1,2,2,0,2,3,0.0,1,0,,0,0,0,0,30,9,6
neorv32_debug_dtm,tuning,1,13,29,42,6,403,228,71,109,48,18,1,4,0,4,8,18,0.0,1,6,tap_reg.ireg (12),0,0,0,0,0,4,5
neorv32_hwspinlock,tuning,1,19,2,21,2,63,31,9,12,10,1,3,1,0,1,1,1,0.0,1,0,,0,0,0,0,9,1,2
neorv32_imem,tuning,1,19,8,27,2,156,90,24,50,16,7,1,5,4,1,1,1,0.857,1,1,addr (5),3,0,0,0,7,3,3
neorv32_spi,tuning,1,26,40,66,6,473,286,100,130,56,19,5,11,10,1,13,19,0.0,1,5,bus_req_i.addr (13),3,0,20,2,8,6,8
neorv32_sys,tuning,2,12,5,17,0,87,73,18,31,24,5,4,1,0,1,4,5,0.0,1,0,,0,0,0,0,0,0,2
neorv32_trng,tuning,3,29,27,56,3,235,127,53,40,34,10,3,4,2,2,5,9,0.1,1,0,,2,0,20,3,8,3,7
neorv32_twi,tuning,1,26,39,65,7,492,260,71,142,47,16,4,4,4,0,8,15,0.062,1,5,bus_req_i.addr (7),3,0,18,2,8,6,6
neorv32_uart,tuning,1,27,49,76,7,593,346,116,154,76,26,6,14,12,2,12,26,0.0,1,5,bus_req_i.addr (15),3,0,20,2,8,5,10
neorv32_wdt,tuning,1,24,15,39,3,177,139,30,73,36,12,3,4,4,0,7,12,0.0,1,3,bus_req_i.rw (7),4,1,0,0,8,7,8
neorv32_cpu_alu,heldout,1,50,24,74,1,320,110,50,54,6,2,0,0,0,0,2,2,0.0,1,0,,0,0,66,7,24,9,11
neorv32_cpu_control,heldout,1,61,172,233,9,2229,1144,319,708,117,88,0,4,0,4,29,86,0.023,1,14,exe_engine.state (37),0,0,0,0,49,20,11
neorv32_cpu_counters,heldout,2,51,19,70,1,238,101,33,50,18,5,0,4,3,1,3,5,0.0,1,0,,2,0,24,3,32,7,11
neorv32_cpu_cp_bitmanip,heldout,1,48,29,77,3,663,346,75,233,38,14,1,5,0,5,7,14,0.0,1,5,cmd (10),1,0,0,0,34,10,7
neorv32_cpu_cp_cond,heldout,1,46,3,49,1,78,23,7,12,4,0,1,0,0,0,0,0,,1,0,,0,0,0,0,35,5,6
neorv32_cpu_cp_crypto,heldout,1,46,27,73,3,424,202,58,114,30,10,1,4,0,4,6,8,0.2,1,2,funct12 (8),1,1,0,0,35,3,6
neorv32_cpu_cp_fpu,heldout,3,80,161,241,21,2759,1216,281,777,158,65,3,16,2,14,12,65,0.0,1,16,ctrl.state (16),6,0,28,2,37,14,12
neorv32_cpu_cp_shifter,heldout,1,46,11,57,2,186,84,28,42,14,5,0,2,0,2,4,5,0.0,1,0,,2,2,0,0,35,5,11
neorv32_cpu_decompressor,heldout,1,2,2,4,0,223,99,4,95,0,0,0,0,0,0,0,0,,0,0,,0,0,0,0,0,1,3
neorv32_cpu_frontend,heldout,1,65,19,84,7,392,148,38,96,14,5,0,4,0,4,2,5,0.0,1,3,issue.algn (8),0,0,11,2,33,4,3
neorv32_cpu_icc,heldout,1,15,2,17,2,51,17,6,11,0,0,0,0,0,0,0,0,,0,0,,0,0,8,1,0,3,5
neorv32_cpu_lsu,heldout,1,66,5,71,3,316,165,40,89,36,4,9,4,0,4,4,4,0.0,1,1,ctrl_i.lsu_mo_we (10),1,0,0,0,29,3,10
neorv32_cpu_regfile,heldout,1,46,5,51,1,117,52,16,23,13,1,3,1,0,1,1,1,0.0,1,0,,0,0,0,0,33,5,8
neorv32_debug_auth,heldout,1,9,1,10,0,24,13,4,5,4,1,0,1,1,0,1,1,0.0,1,0,,0,0,0,0,1,2,5
neorv32_debug_dm,heldout,1,28,54,82,8,895,441,94,267,80,31,5,11,11,0,15,31,0.0,1,10,dmi_req_i.addr (20),3,2,9,1,6,15,6
neorv32_dmem,heldout,1,19,8,27,2,139,81,24,43,14,7,1,5,4,1,1,1,0.857,1,1,addr (5),3,0,0,0,7,3,3
neorv32_gpio,heldout,1,22,9,31,2,135,105,39,38,28,8,4,6,5,1,6,8,0.0,1,3,bus_req_i.addr (6),2,0,0,0,8,2,9
neorv32_gptmr,heldout,1,22,8,30,3,147,87,24,41,22,6,3,4,3,1,4,6,0.0,1,0,,3,0,0,0,8,2,6
neorv32_neoled,heldout,1,23,30,53,5,380,239,72,119,48,17,5,9,8,1,8,17,0.0,1,4,bus_req_i.rw (10),3,0,10,1,8,6,6
neorv32_onewire,heldout,1,24,36,60,5,423,241,57,135,49,17,5,5,4,1,4,16,0.059,1,5,serial.state (10),3,0,18,2,8,7,6
neorv32_pwm,heldout,2,31,15,46,2,160,115,34,53,28,8,4,5,5,0,5,8,0.0,1,1,we_i (5),1,0,9,1,8,9,9
neorv32_sdi,heldout,1,24,39,63,7,408,216,93,79,44,15,4,9,6,3,8,15,0.0,1,5,bus_req_i.addr (9),3,0,20,2,8,3,5
neorv32_slink,heldout,1,31,31,62,5,376,204,98,66,40,12,5,10,10,0,10,12,0.0,1,3,bus_req_i.addr (13),3,0,20,2,8,1,13
neorv32_sysinfo,heldout,1,19,3,22,2,101,30,10,12,8,3,0,3,1,2,2,2,0.333,1,0,,1,0,0,0,8,1,1
neorv32_twd,heldout,1,26,50,76,7,674,379,107,194,78,28,6,12,10,2,11,28,0.0,1,6,bus_req_i.addr (13),5,2,18,2,8,9,7
neorv32_xbus,heldout,1,29,21,50,4,139,76,25,39,12,4,0,0,0,0,1,4,0.0,1,0,,0,0,6,1,18,5,9
