module,entity,item,label,kind,trace_level,map_elements,roles,tokens,resolution
neorv32_bus,neorv32_bus_switch,sel,TP,single,T3,neorv32_bus_switch:sel,computes,constant driver | control -> output port | controlled <- input port | controlled <- internal | data -> internal | kind: signal | storage: comb,R1:1
neorv32_bus,neorv32_bus_switch,stb,TP,single,T3,neorv32_bus_switch:stb,computes,constant driver | controlled <- input port | controlled <- internal | data -> output port | data <- input port | kind: signal | storage: comb,R1:1
neorv32_bus,neorv32_bus_switch,a_req,TP,single,T3,neorv32_bus_switch:a_req,computes stored,constant driver | control -> internal | controlled <- input port | controlled <- internal | kind: signal | reset | storage: stored | updates itself (control),R1:1
neorv32_bus,neorv32_bus_switch,b_req,TP,single,T3,neorv32_bus_switch:b_req,computes stored,constant driver | control -> internal | controlled <- input port | controlled <- internal | kind: signal | reset | storage: stored | updates itself (control),R1:1
neorv32_bus,neorv32_bus_gateway,port_sel,TP,single,T3,neorv32_bus_gateway:port_sel,computes,controlled <- input port | data -> internal | kind: signal | storage: comb | updates itself (control),R1:1
neorv32_bus,neorv32_bus_gateway,keeper.err,TP,single,T3,neorv32_bus_gateway:keeper.err,computes stored,constant driver | control -> output port | controlled <- internal | kind: signal | record field | reset | storage: stored,R1:1
neorv32_bus,neorv32_bus_gateway,keeper.halt,TP,single,T3,neorv32_bus_gateway:keeper.halt,computes stored,constant driver | control -> internal | data <- internal | kind: signal | record field | reset | storage: stored,R1:1
neorv32_bus,neorv32_bus_amo_rmw,arbiter.state,FP,single,T3,neorv32_bus_amo_rmw:arbiter.state,stored,constant driver | control -> internal | control -> output port | kind: signal | record field | reset | storage: comb,R1:1
neorv32_bus,neorv32_bus_amo_rmw,alu_res,TP,single,T3,neorv32_bus_amo_rmw:alu_res,computes stored,constant driver | controlled <- internal | data -> output port | data <- internal | kind: signal | reset | storage: stored,R1:1
neorv32_bus,neorv32_bus_amo_rmw,arbiter.wdata,FP,single,T3,neorv32_bus_amo_rmw:arbiter.wdata,stored,constant driver | data -> internal | kind: signal | record field | reset | storage: comb,R1:1
neorv32_cache,neorv32_cache_memory,addr_i,TP,single,T3,neorv32_cache_memory:addr_i,sets,data -> internal | kind: port-in | storage: not assigned here,R1:1
neorv32_cache,neorv32_cache_memory,inval_i,TP,version-drift,,,,,
neorv32_cache,neorv32_cache,ctrl.buf_req,FP,single,T3,neorv32_cache:ctrl.buf_req,stored,constant driver | control -> internal | kind: signal | record field | reset | storage: comb,R1:1
neorv32_cache,neorv32_cache,ctrl.buf_sync,TP,single,T3,neorv32_cache:ctrl.buf_sync,stored,constant driver | control -> internal | kind: signal | record field | reset | storage: comb,R1:1
neorv32_cache,neorv32_cache,cache_i.sta_hit,TP,single,T2,neorv32_cache:cache_i.sta_hit,,control -> internal | control -> output port | kind: signal | record field | storage: not assigned here | sub-unit port out,R1:1
neorv32_cache,neorv32_cache,clean_o,FP,version-drift,,,,,
neorv32_cpu,neorv32_cpu,msi_i,TP,single,T3,neorv32_cpu:msi_i,sets,data -> internal | kind: port-in | storage: not assigned here,R1:1
neorv32_cpu,neorv32_cpu,mei_i,TP,single,T3,neorv32_cpu:mei_i,sets,data -> internal | kind: port-in | storage: not assigned here,R1:1
neorv32_cpu,neorv32_cpu,lsu_err,TP,single,T3,neorv32_cpu:lsu_err,computes,kind: signal | storage: not assigned here | sub-unit port in | sub-unit port out,R1:1
neorv32_cpu,neorv32_cpu,mti_i,TP,single,T3,neorv32_cpu:mti_i,sets,data -> internal | kind: port-in | storage: not assigned here,R1:1
neorv32_cpu,neorv32_cpu,firq_i,TP,single,T3,neorv32_cpu:firq_i,sets,kind: port-in | storage: not assigned here | sub-unit port in,R1:1
neorv32_cpu,neorv32_cpu,dbi_i,TP,single,T3,neorv32_cpu:dbi_i,sets,kind: port-in | storage: not assigned here | sub-unit port in,R1:1
neorv32_cpu,neorv32_cpu,mem_sync_i,FP,version-drift,,,,,
neorv32_cpu,neorv32_cpu,alu_res,TP,single,T3,neorv32_cpu:alu_res,computes,data -> internal | kind: signal | storage: not assigned here | sub-unit port out,R1:1
neorv32_cpu,neorv32_cpu,alu_add,TP,single,T3,neorv32_cpu:alu_add,computes,kind: signal | storage: not assigned here | sub-unit port in | sub-unit port out,R1:1
neorv32_cpu,neorv32_cpu,lsu_rdata,FP,single,T3,neorv32_cpu:lsu_rdata,computes,data -> internal | kind: signal | storage: not assigned here | sub-unit port out,R1:1
neorv32_cpu,neorv32_cpu,lsu_mar,TP,single,T3,neorv32_cpu:lsu_mar,computes,kind: signal | storage: not assigned here | sub-unit port in | sub-unit port out,R1:1
neorv32_cpu,neorv32_cpu,lsu_wait,TP,single,T3,neorv32_cpu:lsu_wait,computes,kind: signal | storage: not assigned here | sub-unit port in | sub-unit port out,R1:1
neorv32_cpu,neorv32_cpu,pmp_fault,TP,single,T3,neorv32_cpu:pmp_fault,computes,constant driver | kind: signal | storage: comb | sub-unit port in | sub-unit port out,R1:1
neorv32_cpu,neorv32_cpu,csr_rdata,TP,single,T3,neorv32_cpu:csr_rdata,computes,data -> internal | kind: signal | storage: not assigned here | sub-unit port out,R1:1
neorv32_cpu_cp_cfu,neorv32_cpu_cp_cfu,key_mem,TP,single,T3,neorv32_cpu_cp_cfu:key_mem,computes stored,constant driver | controlled <- input port | data -> internal | data -> output port | data <- input port | kind: signal | reset | storage: stored,R1:1
neorv32_cpu_cp_cfu,neorv32_cpu_cp_cfu,csr_rdata_o,FP,single,T3,neorv32_cpu_cp_cfu:csr_rdata_o,exit,controlled <- input port | data <- internal | kind: port-out | storage: comb,R1:1
neorv32_cpu_cp_cfu,neorv32_cpu_cp_cfu,xtea.done,FP,single,T3,neorv32_cpu_cp_cfu:xtea.done,computes stored,constant driver | control -> internal | controlled <- input port | data -> output port | kind: signal | record field | reset | storage: stored | updates itself (data),R1:1
neorv32_cpu_cp_cfu,neorv32_cpu_cp_cfu,rs1_i,TP,single,T3,neorv32_cpu_cp_cfu:rs1_i,sets,data -> internal | kind: port-in | storage: not assigned here,R1:1
neorv32_cpu_cp_cfu,neorv32_cpu_cp_cfu,rs2_i,TP,single,T3,neorv32_cpu_cp_cfu:rs2_i,sets,data -> internal | kind: port-in | storage: not assigned here,R1:1
neorv32_cpu_cp_cfu,neorv32_cpu_cp_cfu,csr_wdata_i,TP,single,T3,neorv32_cpu_cp_cfu:csr_wdata_i,sets,data -> internal | kind: port-in | storage: not assigned here,R1:1
neorv32_cpu_cp_cfu,neorv32_cpu_cp_cfu,csr_we_i,TP,single,T3,neorv32_cpu_cp_cfu:csr_we_i,sets,control -> internal | kind: port-in | storage: not assigned here,R1:1
neorv32_cpu_cp_cfu,neorv32_cpu_cp_cfu,csr_addr_i,TP,single,T3,neorv32_cpu_cp_cfu:csr_addr_i,sets,control -> internal | control -> output port | kind: port-in | storage: not assigned here,R1:1
neorv32_cpu_cp_cfu,neorv32_cpu_cp_cfu,funct3_i,FP,single,T3,neorv32_cpu_cp_cfu:funct3_i,sets,control -> internal | control -> output port | kind: port-in | storage: not assigned here,R1:1
neorv32_cpu_cp_cfu,neorv32_cpu_cp_cfu,rtype_i,FP,single,T3,neorv32_cpu_cp_cfu:rtype_i,sets,control -> internal | control -> output port | kind: port-in | storage: not assigned here,R1:1
neorv32_cpu_cp_cfu,neorv32_cpu_cp_cfu,start_i,TP,single,T3,neorv32_cpu_cp_cfu:start_i,sets,control -> internal | kind: port-in | storage: not assigned here,R1:1
neorv32_cpu_cp_cfu,neorv32_cpu_cp_cfu,active_i,TP,single,T1,neorv32_cpu_cp_cfu:active_i,,kind: port-in | storage: not assigned here,R1:1
neorv32_cpu_cp_cfu,neorv32_cpu_cp_cfu,valid_o,TP,single,T3,neorv32_cpu_cp_cfu:valid_o,exit,constant driver | controlled <- input port | data <- internal | kind: port-out | storage: comb,R1:1
neorv32_cpu_cp_muldiv,neorv32_cpu_cp_muldiv,rs1_i,TP,single,T3,neorv32_cpu_cp_muldiv:rs1_i,sets,control -> internal | data -> internal | kind: port-in | storage: not assigned here,R1:1
neorv32_cpu_cp_muldiv,neorv32_cpu_cp_muldiv,rs2_i,TP,single,T3,neorv32_cpu_cp_muldiv:rs2_i,sets,control -> internal | data -> internal | kind: port-in | storage: not assigned here,R1:1
neorv32_cpu_cp_muldiv,neorv32_cpu_cp_muldiv,res_o,TP,single,T3,neorv32_cpu_cp_muldiv:res_o,exit,constant driver | controlled <- input port | controlled <- internal | data <- internal | kind: port-out | storage: comb,R1:1
neorv32_cpu_cp_muldiv,neorv32_cpu_cp_muldiv,div.remainder,FP,single,T3,neorv32_cpu_cp_muldiv:div.remainder,computes stored,constant driver | controlled <- internal | data -> internal | data <- internal | kind: signal | record field | reset | storage: stored | updates itself (data),R1:1
neorv32_cpu_cp_muldiv,neorv32_cpu_cp_muldiv,div.quotient,FP,single,T3,neorv32_cpu_cp_muldiv:div.quotient,computes stored,constant driver | controlled <- input port | controlled <- internal | data -> internal | data <- input port | data <- internal | kind: signal | record field | reset | storage: stored | updates itself (data),R1:1
neorv32_cpu_cp_muldiv,neorv32_cpu_cp_muldiv,ctrl.rs1_is_signed,TP,single,T3,neorv32_cpu_cp_muldiv:ctrl.rs1_is_signed,computes,control -> internal | controlled <- input port | data -> internal | kind: signal | record field | storage: comb,R1:1
neorv32_cpu_cp_muldiv,neorv32_cpu_cp_muldiv,ctrl.rs2_is_signed,TP,single,T3,neorv32_cpu_cp_muldiv:ctrl.rs2_is_signed,computes,control -> internal | controlled <- input port | data -> internal | kind: signal | record field | storage: comb,R1:1
neorv32_cpu_cp_muldiv,neorv32_cpu_cp_muldiv,mul.prod,TP,single,T3,neorv32_cpu_cp_muldiv:mul.prod,computes stored,constant driver | control -> internal | controlled <- internal | data -> internal | data -> output port | data <- input port | data <- internal | kind: signal | record field | reset | storage: stored | updates itself (data),R1:1
neorv32_cpu_cp_muldiv,neorv32_cpu_cp_muldiv,div.res,TP,single,T3,neorv32_cpu_cp_muldiv:div.res,computes,constant driver | controlled <- internal | data -> output port | data <- internal | kind: signal | record field | storage: comb,R1:1
neorv32_cpu_cp_muldiv,neorv32_cpu_cp_muldiv,valid_o,TP,single,T3,neorv32_cpu_cp_muldiv:valid_o,exit,controlled <- internal | kind: port-out | storage: comb,R1:1
neorv32_cpu_cp_muldiv,neorv32_cpu_cp_muldiv,ctrl.cnt,TP,single,T3,neorv32_cpu_cp_muldiv:ctrl.cnt,computes stored,constant driver | control -> internal | controlled <- internal | kind: signal | record field | reset | storage: stored | updates itself (data),R1:1
neorv32_cpu_cp_muldiv,neorv32_cpu_cp_muldiv,ctrl.out_en,FP,single,T3,neorv32_cpu_cp_muldiv:ctrl.out_en,computes stored,constant driver | control -> output port | controlled <- internal | kind: signal | record field | reset | storage: stored,R1:1
neorv32_cpu_cp_muldiv,neorv32_cpu_cp_muldiv,mul.start,TP,single,T3,neorv32_cpu_cp_muldiv:mul.start,computes,control -> internal | controlled <- input port | controlled <- internal | kind: signal | record field | storage: comb,R1:1
neorv32_cpu_cp_muldiv,neorv32_cpu_cp_muldiv,div.start,TP,single,T3,neorv32_cpu_cp_muldiv:div.start,computes,control -> internal | controlled <- input port | controlled <- internal | kind: signal | record field | storage: comb,R1:1
neorv32_cpu_pmp,neorv32_cpu_pmp,pmpcfg,TP,single,T3,neorv32_cpu_pmp:pmpcfg,computes stored,constant driver | control -> internal | controlled <- internal | data -> internal | data <- input port | kind: signal | reset | storage: stored | updates itself (control),R1:1
neorv32_cpu_pmp,neorv32_cpu_pmp,pmpaddr,TP,single,T3,neorv32_cpu_pmp:pmpaddr,computes stored,constant driver | control -> internal | controlled <- internal | data -> internal | data <- input port | kind: signal | reset | storage: stored,R1:1
neorv32_cpu_pmp,neorv32_cpu_pmp,csr_o,FP,single,T3,neorv32_cpu_pmp:csr_o,exit,constant driver | controlled <- input port | data <- internal | kind: port-out | storage: comb,R1:1
neorv32_cpu_pmp,neorv32_cpu_pmp,addr_ls_i,TP,single,T3,neorv32_cpu_pmp:addr_ls_i,sets,data -> internal | kind: port-in | storage: not assigned here,R1:1
neorv32_cpu_pmp,neorv32_cpu_pmp,match,FP,single,T3,neorv32_cpu_pmp:match,computes,constant driver | control -> internal | controlled <- internal | data <- internal | kind: signal | storage: comb,R1:1
neorv32_cpu_pmp,neorv32_cpu_pmp,allow,FP,single,T3,neorv32_cpu_pmp:allow,computes,controlled <- input port | controlled <- internal | data -> internal | data <- internal | kind: signal | storage: comb,R1:1
neorv32_cpu_pmp,neorv32_cpu_pmp,fault_o,TP,single,T3,neorv32_cpu_pmp:fault_o,exit stored,constant driver | controlled <- input port | controlled <- internal | kind: port-out | reset | storage: stored,R1:1
neorv32_debug_dtm,neorv32_debug_dtm,jtag_tdo_o,TP,single,T3,neorv32_debug_dtm:jtag_tdo_o,exit stored,constant driver | controlled <- internal | data <- internal | kind: port-out | reset | storage: stored,R1:1
neorv32_debug_dtm,neorv32_debug_dtm,dmi_ctrl.rdata,FP,single,T3,neorv32_debug_dtm:dmi_ctrl.rdata,computes stored,constant driver | controlled <- internal | data -> internal | data <- input port | kind: signal | record field | reset | storage: stored,R1:1
neorv32_debug_dtm,neorv32_debug_dtm,jtag_tdi_i,TP,single,T3,neorv32_debug_dtm:jtag_tdi_i,sets,data -> internal | kind: port-in | storage: not assigned here,R1:1
neorv32_debug_dtm,neorv32_debug_dtm,jtag_tms_i,TP,single,T3,neorv32_debug_dtm:jtag_tms_i,sets,data -> internal | kind: port-in | storage: not assigned here,R1:1
neorv32_debug_dtm,neorv32_debug_dtm,dmi_ctrl.addr,FP,single,T3,neorv32_debug_dtm:dmi_ctrl.addr,computes stored,constant driver | controlled <- internal | data -> internal | data -> output port | data <- internal | kind: signal | record field | reset | storage: stored,R1:1
neorv32_debug_dtm,neorv32_debug_dtm,dmi_ctrl.busy,TP,single,T3,neorv32_debug_dtm:dmi_ctrl.busy,computes stored,constant driver | control -> internal | controlled <- input port | controlled <- internal | kind: signal | record field | reset | storage: stored | updates itself (control),R1:1
neorv32_debug_dtm,neorv32_debug_dtm,jtag_tck_i,FP,single,T3,neorv32_debug_dtm:jtag_tck_i,sets,data -> internal | kind: port-in | storage: not assigned here,R1:1
neorv32_hwspinlock,neorv32_hwspinlock,lock_q,TP,single,T3,neorv32_hwspinlock:lock_q,computes stored,constant driver | controlled <- input port | controlled <- internal | data -> output port | data <- input port | kind: signal | reset | storage: stored,R1:1
neorv32_hwspinlock,neorv32_hwspinlock,sel,TP,single,T3,neorv32_hwspinlock:sel,computes,control -> internal | controlled <- input port | data -> output port | kind: signal | storage: comb,R1:1
neorv32_imem,neorv32_imem,"mem_ram_b0, mem_ram_b1, mem_ram_b2, mem_ram_b3",FP,compound,T3,neorv32_imem:mem_ram_b0 neorv32_imem:mem_ram_b1 neorv32_imem:mem_ram_b2 neorv32_imem:mem_ram_b3,computes stored,controlled <- input port | controlled <- internal | data -> internal | data <- input port | kind: signal | storage: stored,R1:4
neorv32_imem,neorv32_imem,rdata,TP,single,T3,neorv32_imem:rdata,computes stored,controlled <- internal | data -> output port | data <- internal | kind: signal | storage: stored,R1:1
neorv32_imem,neorv32_imem,addr,TP,single,T3,neorv32_imem:addr,computes,control -> internal | data -> internal | data <- input port | kind: signal | storage: comb,R1:1
neorv32_imem,neorv32_imem,rden,TP,single,T3,neorv32_imem:rden,computes stored,constant driver | control -> output port | controlled <- input port | kind: signal | reset | storage: stored,R1:1
neorv32_spi,neorv32_spi,"ctrl.prsc, ctrl.cdiv",FP,compound,T3,neorv32_spi:ctrl.cdiv neorv32_spi:ctrl.prsc,computes stored,constant driver | control -> internal | controlled <- input port | data -> output port | data <- input port | kind: signal | record field | reset | storage: stored,R1:2
neorv32_spi,neorv32_spi,rtx_engine.sreg,FP,single,T3,neorv32_spi:rtx_engine.sreg,computes stored,constant driver | controlled <- internal | data -> internal | data -> output port | data <- internal | kind: signal | record field | reset | storage: stored | updates itself (data),R1:1
neorv32_spi,neorv32_spi,spi_clk_o,FP,single,T3,neorv32_spi:spi_clk_o,exit,data <- internal | kind: port-out | storage: comb,R1:1
neorv32_spi,neorv32_spi,spi_dat_o,TP,single,T3,neorv32_spi:spi_dat_o,exit,data <- internal | kind: port-out | storage: comb,R1:1
neorv32_spi,neorv32_spi,spi_csn_o,TP,single,T3,neorv32_spi:spi_csn_o,exit stored,constant driver | controlled <- internal | kind: port-out | reset | storage: stored,R1:1
neorv32_spi,neorv32_spi,clkgen_en_o,TP,single,T3,neorv32_spi:clkgen_en_o,exit,data <- internal | kind: port-out | storage: comb,R1:1
neorv32_spi,neorv32_spi,irq_o,TP,single,T3,neorv32_spi:irq_o,exit stored,constant driver | controlled <- internal | data <- internal | kind: port-out | reset | storage: stored,R1:1
neorv32_spi,neorv32_spi,ctrl.enable,TP,single,T3,neorv32_spi:ctrl.enable,computes stored,constant driver | control -> internal | control -> output port | controlled <- input port | data -> internal | data -> output port | data <- input port | kind: signal | record field | reset | storage: stored,R1:1
neorv32_sys,neorv32_sys_clock,enable_i,TP,single,T3,neorv32_sys_clock:enable_i,sets,data -> internal | kind: port-in | storage: not assigned here,R1:1
neorv32_trng,neoTRNG,data_o,TP,single,T3,neoTRNG:data_o,exit,data <- internal | kind: port-out | storage: comb,R1:1
neorv32_trng,neoTRNG,valid_o,TP,single,T3,neoTRNG:valid_o,exit,data <- internal | kind: port-out | storage: comb,R1:1
neorv32_trng,neoTRNG_cell / neoTRNG (cell_rnd signals),rnd_o (cell_rnd),FP,compound,T3,neoTRNG:cell_rnd neoTRNG_cell:rnd_o,computes exit,data -> internal | data <- internal | kind: port-out | kind: signal | storage: comb | storage: not assigned here | sub-unit port out,R2:2
neorv32_trng,neorv32_trng,fifo.wdata / fifo.rdata (fifo record contents),FP,compound,T2,neorv32_trng:fifo.rdata neorv32_trng:fifo.wdata,,data -> output port | kind: signal | record field | storage: not assigned here | sub-unit port in | sub-unit port out,R1:3
neorv32_trng,neorv32_trng,fifo_clr,TP,single,T3,neorv32_trng:fifo_clr,computes stored,constant driver | control -> internal | controlled <- input port | data <- input port | kind: signal | reset | storage: stored,R1:1
neorv32_trng,neorv32_trng,enable (ctrl_en_c / neoTRNG.enable_i / sample_en),FP,compound,T3,neoTRNG:enable_i neoTRNG:sample_en neorv32_trng:enable,computes sets stored,constant driver | control -> internal | controlled <- input port | data -> internal | data -> output port | data <- input port | kind: port-in | kind: signal | reset | storage: not assigned here | storage: stored | sub-unit port in,R1:2 R2:1
neorv32_trng,neorv32_trng,fifo.avail,TP,single,T2,neorv32_trng:fifo.avail,,control -> output port | data -> output port | kind: signal | record field | storage: not assigned here | sub-unit port out,R1:1
neorv32_twi,neorv32_twi,twi_sda_o / io_con.sda_out,FP,compound,T3,neorv32_twi:io_con.sda_out neorv32_twi:twi_sda_o,computes exit stored,constant driver | controlled <- internal | data -> output port | data <- internal | kind: port-out | kind: signal | record field | reset | storage: comb | storage: stored,R1:2
neorv32_twi,neorv32_twi,twi_sda_i / io_con.sda_in / io_con.sda_in_ff,FP,compound,T3,neorv32_twi:io_con.sda_in neorv32_twi:io_con.sda_in_ff neorv32_twi:twi_sda_i,computes sets stored,constant driver | data -> internal | data -> output port | data <- input port | data <- internal | kind: port-in | kind: signal | record field | reset | storage: comb | storage: not assigned here | storage: stored | updates itself (data),R1:3
neorv32_twi,neorv32_twi,ctrl.prsc / ctrl.cdiv,FP,compound,T3,neorv32_twi:ctrl.cdiv neorv32_twi:ctrl.prsc,computes stored,constant driver | control -> internal | controlled <- input port | data -> output port | data <- input port | kind: signal | record field | reset | storage: stored,R1:2
neorv32_twi,neorv32_twi,fifo.tx_wdata / fifo.tx_we / tx_fifo_inst (neorv32_fifo),FP,compound,T3,neorv32_twi:fifo.tx_wdata neorv32_twi:fifo.tx_we,computes,controlled <- input port | data <- input port | kind: signal | record field | storage: comb | sub-unit port in,R1:2
neorv32_twi,neorv32_twi,clk_gen.tick,FP,single,T3,neorv32_twi:clk_gen.tick,computes stored,constant driver | control -> internal | controlled <- input port | controlled <- internal | kind: signal | record field | reset | storage: stored,R1:1
neorv32_twi,neorv32_twi,fifo.rx_rdata / fifo.rx_avail / rx_fifo_inst (neorv32_fifo),FP,compound,T2,neorv32_twi:fifo.rx_avail neorv32_twi:fifo.rx_rdata,,data -> output port | kind: signal | record field | storage: not assigned here | sub-unit port out,R1:2
neorv32_twi,neorv32_twi,clkgen_i,FP,single,T3,neorv32_twi:clkgen_i,sets,control -> internal | kind: port-in | storage: not assigned here,R1:1
neorv32_twi,neorv32_twi,twi_scl_i / io_con.scl_in / io_con.scl_in_ff,FP,compound,T3,neorv32_twi:io_con.scl_in neorv32_twi:io_con.scl_in_ff neorv32_twi:twi_scl_i,computes sets stored,constant driver | control -> internal | data -> internal | data -> output port | data <- input port | data <- internal | kind: port-in | kind: signal | record field | reset | storage: comb | storage: not assigned here | storage: stored | updates itself (data),R1:3
neorv32_twi,neorv32_twi,ctrl.enable,TP,single,T3,neorv32_twi:ctrl.enable,computes stored,constant driver | control -> internal | control -> output port | controlled <- input port | data -> internal | data -> output port | data <- input port | kind: signal | record field | reset | storage: stored,R1:1
neorv32_twi,neorv32_twi,irq_o,TP,single,T3,neorv32_twi:irq_o,exit stored,constant driver | controlled <- internal | kind: port-out | reset | storage: stored,R1:1
neorv32_twi,neorv32_twi,clkgen_en_o,FP,single,T3,neorv32_twi:clkgen_en_o,exit,data <- internal | kind: port-out | storage: comb,R1:1
neorv32_uart,neorv32_uart,uart_txd_o,TP,single,T3,neorv32_uart:uart_txd_o,exit,data <- internal | kind: port-out | storage: comb,R1:1
neorv32_uart,neorv32_uart,uart_rxd_i,TP,single,T3,neorv32_uart:uart_rxd_i,sets,data -> internal | kind: port-in | storage: not assigned here,R1:1
neorv32_uart,neorv32_uart,uart_rtsn_o,TP,single,T3,neorv32_uart:uart_rtsn_o,exit stored,constant driver | controlled <- internal | kind: port-out | reset | storage: stored,R1:1
neorv32_uart,neorv32_uart,uart_ctsn_i,TP,single,T3,neorv32_uart:uart_ctsn_i,sets,data -> internal | kind: port-in | storage: not assigned here,R1:1
neorv32_uart,neorv32_uart,irq_rx_o,TP,single,T3,neorv32_uart:irq_rx_o,exit stored,constant driver | controlled <- internal | data <- internal | kind: port-out | reset | storage: stored,R1:1
neorv32_uart,neorv32_uart,irq_tx_o,TP,single,T3,neorv32_uart:irq_tx_o,exit stored,constant driver | controlled <- internal | data <- internal | kind: port-out | reset | storage: stored,R1:1
neorv32_uart,neorv32_uart,clkgen_en_o,TP,single,T3,neorv32_uart:clkgen_en_o,exit,data <- internal | kind: port-out | storage: comb,R1:1
neorv32_uart,neorv32_uart,ctrl.enable,TP,single,T3,neorv32_uart:ctrl.enable,computes stored,constant driver | control -> internal | control -> output port | controlled <- input port | data -> internal | data -> output port | data <- input port | kind: signal | record field | reset | storage: stored,R1:1
neorv32_uart,neorv32_uart,tx_fifo.wdata,FP,single,T3,neorv32_uart:tx_fifo.wdata,computes,data <- input port | kind: signal | record field | storage: comb | sub-unit port in,R1:1
neorv32_wdt,neorv32_wdt,ctrl.enable,TP,single,T3,neorv32_wdt:ctrl.enable,computes stored,constant driver | control -> internal | controlled <- input port | controlled <- internal | data -> output port | data <- input port | kind: signal | record field | reset | storage: stored,R1:1
neorv32_wdt,neorv32_wdt,ctrl.lock,TP,single,T3,neorv32_wdt:ctrl.lock,computes stored,constant driver | control -> internal | controlled <- input port | controlled <- internal | data -> output port | kind: signal | record field | reset | storage: stored | updates itself (control),R1:1
neorv32_wdt,neorv32_wdt,ctrl.strict,FP,single,T3,neorv32_wdt:ctrl.strict,computes stored,constant driver | control -> internal | controlled <- input port | controlled <- internal | data -> output port | data <- input port | kind: signal | record field | reset | storage: stored,R1:1
neorv32_wdt,neorv32_wdt,ctrl.timeout,TP,single,T3,neorv32_wdt:ctrl.timeout,computes stored,constant driver | control -> internal | controlled <- input port | controlled <- internal | data -> output port | data <- input port | kind: signal | record field | reset | storage: stored,R1:1
neorv32_wdt,neorv32_wdt,hw_rst_timeout,FP,single,T3,neorv32_wdt:hw_rst_timeout,computes stored,constant driver | control -> internal | controlled <- internal | data -> output port | kind: signal | reset | storage: stored,R1:1
neorv32_wdt,neorv32_wdt,reset_cause,TP,single,T3,neorv32_wdt:reset_cause,computes stored,constant driver | controlled <- input port | controlled <- internal | data -> output port | kind: signal | reset | storage: stored,R1:1
neorv32_wdt,neorv32_wdt,clkgen_en_o,TP,single,T3,neorv32_wdt:clkgen_en_o,exit,data <- internal | kind: port-out | storage: comb,R1:1
neorv32_wdt,neorv32_wdt,prsc_tick,FP,single,T3,neorv32_wdt:prsc_tick,computes,control -> internal | data -> internal | data <- input port | kind: signal | storage: comb,R1:1
neorv32_wdt,neorv32_wdt,reset_wdt,TP,single,T3,neorv32_wdt:reset_wdt,computes stored,constant driver | control -> internal | controlled <- input port | kind: signal | reset | storage: stored,R1:1
