cited type,hits,share of hits,FPs,share of FPs,FP share among assets citing it
CLOCKED_BY,243,0.316,705,0.596,0.744
GATED_BY,91,0.118,168,0.142,0.649
DERIVES_FROM,112,0.145,118,0.1,0.513
COPIES,85,0.11,41,0.035,0.325
SELECTED_BY,13,0.017,32,0.027,0.711
CONNECTS,19,0.025,27,0.023,0.587
none,2,0.003,22,0.019,0.917
SOURCES,84,0.109,18,0.015,0.176
GATES,41,0.053,18,0.015,0.305
CONSTRAINED_BY,6,0.008,18,0.015,0.75
CARRIES,62,0.081,15,0.013,0.195
SELECTS,8,0.01,1,0.001,0.111
CONSTRAINS,4,0.005,0,0.0,0.0
