pair,side,profile,cited type,group hits,group FPs,split,run,module,element,role,occurrence,line,rtl,cited edge,citation
1,TP,constant driver; control -> internal; controlled <- input port; data -> output port; data <- input port; kind: signal; record field; reset; storage: stored,CLOCKED_BY,21,24,heldout,assets_heldout26_m7e194es0opt1_g54_r0,neorv32_gptmr,timer.thres,stores,3,84,timer.thres <= bus_req_i.data;,CLOCKED_BY clk_i,verified
1,FP,constant driver; control -> internal; controlled <- input port; data -> output port; data <- input port; kind: signal; record field; reset; storage: stored,CLOCKED_BY,21,24,heldout,assets_heldout26_m7e194es0opt1_g54_r0,neorv32_neoled,ctrl.t_total,stores,3,135,ctrl.t_total  <= bus_req_i.data(ctrl_t_tot_4_c downto ctrl_t_tot_0_c);,CLOCKED_BY clk_i,verified
2,TP,data <- internal; kind: port-out; storage: comb,COPIES,64,21,heldout,assets_heldout26_m7e194es0opt1_g54_r0,neorv32_cpu_alu,cmp_o,exit port,2,102,cmp_o            <= cmp;,COPIES cmp,verified
2,FP,data <- internal; kind: port-out; storage: comb,COPIES,64,21,heldout,assets_heldout26_m7e194es0opt1_g54_r0,neorv32_cpu_control,csr_rdata_o,exit port,2,1595,csr_rdata_o <= csr.rdata;,COPIES csr.rdata,verified
3,TP,data -> internal; kind: port-in; storage: not assigned here,SOURCES,60,18,tuning,assets_tuning18_m7e194es0opt1_g54_r0,neorv32_cpu,mei_i,sets,2,276,irq_machine <= mti_i & mei_i & msi_i;,SOURCES irq_machine,verified
3,FP,data -> internal; kind: port-in; storage: not assigned here,SOURCES,60,18,tuning,assets_tuning18_m7e194es0opt1_g54_r0,neorv32_cache,wdata_i,sets,2,414,data_mem_b0(to_integer(unsigned(acc_adr))) <= wdata_i(7 downto 0);,SOURCES data_mem_b0,verified
4,TP,constant driver; control -> internal; controlled <- internal; kind: signal; record field; reset; storage: stored; updates itself (data),CLOCKED_BY,6,17,tuning,assets_tuning18_m7e194es0opt1_g54_r0,neorv32_bus,keeper.cnt,stores,4,422,keeper.cnt <= std_ulogic_vector(unsigned(keeper.cnt) + 1);,CLOCKED_BY clk_i,verified
4,FP,constant driver; control -> internal; controlled <- internal; kind: signal; record field; reset; storage: stored; updates itself (data),CLOCKED_BY,6,17,heldout,assets_heldout26_m7e194es0opt1_g54_r0,neorv32_cpu_cp_bitmanip,clmul.cnt,stores,3,359,"clmul.cnt <= std_ulogic_vector(to_unsigned(XLEN, clmul.cnt'length));",CLOCKED_BY clk_i,verified
5,TP,constant driver; controlled <- input port; data -> internal; data -> output port; data <- input port; kind: signal; record field; reset; storage: stored,CLOCKED_BY,6,12,tuning,assets_tuning18_m7e194es0opt1_g54_r0,neorv32_uart,ctrl.baud,stores,3,183,ctrl.baud          <= bus_req_i.data(ctrl_baud9_c downto ctrl_baud0_c);,CLOCKED_BY clk_i,verified
5,FP,constant driver; controlled <- input port; data -> internal; data -> output port; data <- input port; kind: signal; record field; reset; storage: stored,CLOCKED_BY,6,12,heldout,assets_heldout26_m7e194es0opt1_g54_r0,neorv32_neoled,ctrl.mode,stores,3,131,ctrl.mode     <= bus_req_i.data(ctrl_mode_c);,CLOCKED_BY clk_i,verified
6,TP,constant driver; control -> internal; controlled <- input port; data <- input port; kind: signal; record field; reset; storage: stored,CLOCKED_BY,3,12,heldout,assets_heldout26_m7e194es0opt1_g54_r0,neorv32_onewire,ctrl.clear,stores,4,143,ctrl.clear    <= bus_req_i.data(ctrl_clear_c);,CLOCKED_BY clk_i,verified
6,FP,constant driver; control -> internal; controlled <- input port; data <- input port; kind: signal; record field; reset; storage: stored,CLOCKED_BY,3,12,heldout,assets_heldout26_m7e194es0opt1_g54_r0,neorv32_slink,ctrl.rx_clr,stores,4,149,ctrl.rx_clr <= bus_req_i.data(ctrl_rx_clr_c);,CLOCKED_BY clk_i,verified
