module,split,rtl_path,entries,sha12,lines,entities
neorv32_bus,tuning,data/RTL_data/neorv32_bus.vhd,11,b965fa1dfe8d,967,neorv32_bus_switch;neorv32_bus_reg;neorv32_bus_gateway;neorv32_bus_io_switch;neorv32_bus_amo_rmw;neorv32_bus_amo_rvs
neorv32_cache,tuning,data/RTL_data/neorv32_cache.vhd,6,4b1f186c23ae,433,neorv32_cache;neorv32_cache_memory
neorv32_cpu,tuning,data/RTL_data/neorv32_cpu.vhd,14,709a5890b65e,459,neorv32_cpu
neorv32_cpu_cp_cfu,tuning,data/RTL_data/neorv32_cpu_cp_cfu.vhd,11,5efda1ad0d19,268,neorv32_cpu_cp_cfu
neorv32_cpu_cp_muldiv,tuning,data/RTL_data/neorv32_cpu_cp_muldiv.vhd,12,faebd8e66ead,335,neorv32_cpu_cp_muldiv
neorv32_cpu_pmp,tuning,data/RTL_data/neorv32_cpu_pmp.vhd,6,4402aaa48f08,368,neorv32_cpu_pmp
neorv32_debug_dtm,tuning,data/RTL_data/neorv32_debug_dtm.vhd,5,7371a84305b0,288,neorv32_debug_dtm
neorv32_hwspinlock,tuning,data/RTL_data/neorv32_hwspinlock.vhd,2,059bb929d7e7,76,neorv32_hwspinlock
neorv32_imem,tuning,data/RTL_data/neorv32_imem.vhd,3,5bd92d4c2c3f,189,neorv32_imem
neorv32_spi,tuning,data/RTL_data/neorv32_spi.vhd,8,0137d0908dc1,386,neorv32_spi
neorv32_sys,tuning,data/RTL_data/neorv32_sys.vhd,2,52a4fdfb0c32,150,neorv32_sys_reset;neorv32_sys_clock
neorv32_trng,tuning,data/RTL_data/neorv32_trng.vhd,7,85d6ab38ce5d,477,neorv32_trng;neoTRNG;neoTRNG_cell
neorv32_twi,tuning,data/RTL_data/neorv32_twi.vhd,6,3e846e3a04bb,412,neorv32_twi
neorv32_uart,tuning,data/RTL_data/neorv32_uart.vhd,10,01219a3d48ab,521,neorv32_uart
neorv32_wdt,tuning,data/RTL_data/neorv32_wdt.vhd,8,b63f4c72f6e1,182,neorv32_wdt
neorv32_cpu_alu,heldout,data/RTL_heldout/neorv32_cpu_alu.vhd,11,ffea607766f5,418,neorv32_cpu_alu
neorv32_cpu_control,heldout,data/RTL_heldout/neorv32_cpu_control.vhd,11,f05fb4f711f5,1746,neorv32_cpu_control
neorv32_cpu_counters,heldout,data/RTL_heldout/neorv32_cpu_counters.vhd,11,f70f5844ffef,355,neorv32_cpu_counters;neorv32_cpu_counters_cnt
neorv32_cpu_cp_bitmanip,heldout,data/RTL_heldout/neorv32_cpu_cp_bitmanip.vhd,7,cbffa21d82ad,505,neorv32_cpu_cp_bitmanip
neorv32_cpu_cp_cond,heldout,data/RTL_heldout/neorv32_cpu_cp_cond.vhd,6,bfe2d11898bd,69,neorv32_cpu_cp_cond
neorv32_cpu_cp_crypto,heldout,data/RTL_heldout/neorv32_cpu_cp_crypto.vhd,6,08a46f04c799,580,neorv32_cpu_cp_crypto
neorv32_cpu_cp_fpu,heldout,data/RTL_heldout/neorv32_cpu_cp_fpu.vhd,12,997828451551,2373,neorv32_cpu_cp_fpu;neorv32_cpu_cp_fpu_normalizer;neorv32_cpu_cp_fpu_f2i
neorv32_cpu_cp_shifter,heldout,data/RTL_heldout/neorv32_cpu_cp_shifter.vhd,11,059f00e8bfa4,149,neorv32_cpu_cp_shifter
neorv32_cpu_decompressor,heldout,data/RTL_heldout/neorv32_cpu_decompressor.vhd,3,d36fdcb53a1f,304,neorv32_cpu_decompressor
neorv32_cpu_frontend,heldout,data/RTL_heldout/neorv32_cpu_frontend.vhd,3,60da8abf5e4b,274,neorv32_cpu_frontend
neorv32_cpu_icc,heldout,data/RTL_heldout/neorv32_cpu_icc.vhd,5,2173eb768a96,91,neorv32_cpu_icc
neorv32_cpu_lsu,heldout,data/RTL_heldout/neorv32_cpu_lsu.vhd,10,0b8b1642e1fe,212,neorv32_cpu_lsu
neorv32_cpu_regfile,heldout,data/RTL_heldout/neorv32_cpu_regfile.vhd,8,ca37071cbb63,153,neorv32_cpu_regfile
neorv32_debug_auth,heldout,data/RTL_heldout/neorv32_debug_auth.vhd,5,4e1566cdc61c,72,neorv32_debug_auth
neorv32_debug_dm,heldout,data/RTL_heldout/neorv32_debug_dm.vhd,6,6a806028f6a5,761,neorv32_debug_dm
neorv32_dmem,heldout,data/RTL_heldout/neorv32_dmem.vhd,3,746158044f27,133,neorv32_dmem
neorv32_gpio,heldout,data/RTL_heldout/neorv32_gpio.vhd,9,50b3e3983803,147,neorv32_gpio
neorv32_gptmr,heldout,data/RTL_heldout/neorv32_gptmr.vhd,6,e674cd3d38bb,157,neorv32_gptmr
neorv32_neoled,heldout,data/RTL_heldout/neorv32_neoled.vhd,6,cff5439beaa0,324,neorv32_neoled
neorv32_onewire,heldout,data/RTL_heldout/neorv32_onewire.vhd,6,0f497b0bb0d1,397,neorv32_onewire
neorv32_pwm,heldout,data/RTL_heldout/neorv32_pwm.vhd,9,aa7502335513,240,neorv32_pwm;neorv32_pwm_channel
neorv32_sdi,heldout,data/RTL_heldout/neorv32_sdi.vhd,5,b413597cddf8,348,neorv32_sdi
neorv32_slink,heldout,data/RTL_heldout/neorv32_slink.vhd,13,80bfa600459c,318,neorv32_slink
neorv32_sysinfo,heldout,data/RTL_heldout/neorv32_sysinfo.vhd,1,cb831e42d391,172,neorv32_sysinfo
neorv32_twd,heldout,data/RTL_heldout/neorv32_twd.vhd,7,f4b031c8cfbe,497,neorv32_twd
neorv32_xbus,heldout,data/RTL_heldout/neorv32_xbus.vhd,9,7af5384f9ece,159,neorv32_xbus
