ID,Stage,Title,Status,Hypothesis,Variable changed,Baseline,Expect,Delta recall,CI recall,Delta F1,n,Metric,Decision,Notes
A-00,5,Noise floor,Planned,"Run-to-run variance is small enough that arm differences are measurable",nothing,itself,"sd below 0.03 recall",,,,3,M-1,,"Run first. Defines the minimum detectable effect for every later arm. One version repeated REPEATS times with nothing varied."
A-01a,5,ICL v0 - P3164 only,Planned,"Concepts alone teach as well as format-matched examples",ICL block,v1,,,,,3,M-1,,"Deliberately not format-matched. ~3.2k tok system prompt."
A-01b,5,ICL v01 - worked triples,Planned,"Worked input-reasoning-output triples beat adapted examples",ICL block,v1,,,,,3,M-1,,"omsp_gpio + tiny_aes. ~25.3k tok. No NEORV32 module appears in any example."
A-01c,5,ICL v02 - AES swapped,Planned,"Richer P3164 architectural match teaches better than a sparser fully-sourced one",ICL block + label provenance,v01,,,,,3,M-1,,"CONFOUNDED: moves IP and label provenance together. tiny_aes is the only AES LAsset labelled. Read as architectural fidelity, not a single variable."
A-02,5,Core prompt variants,Planned,,ASSET_PRIMARY_CORE,v1 core,,,,,3,M-1,,"Versions not yet chosen. Hold the ICL block fixed."
A-03,5,Port-record granularity rule,Planned,"Instructing name-the-port-not-the-field converts port-field FPs into base-port TPs",ASSET_PRIMARY_CORE,v1 core,"fewer port-field FPs; recall flat or slightly up",,,,3,M-1,,"From C-05. The ctrl_i case: GT wants ctrl_i, model emitted ctrl_i.csr_wdata. Phrased as granularity with no numeric threshold - a cap becomes a quota however hedged."
A-04,4,Stop expanding port records,Planned,"Removing 959 provably-dead candidates raises precision without costing recall",closed-set construction,current parser,"precision up; recall unchanged",,,,3,M-1,,"Alternative fix for the SAME defect as A-03, at stage 4 instead of 5. Run both separately; never in one arm. 959 of 1572 candidates are port-record fields and 0 is ever a labelled asset."
A-05,3,Summary removed,Planned,"The technical summary is load-bearing for asset identification",user message,v1,,,,,3,M-1,,"Cheap ceiling bound for stage 3. If the metric barely moves, retrieval tuning is wasted effort and the stage can be left alone."
A-06,4,Parsed blocks removed,Planned,"The closed set is load-bearing, not just a binding contract",user message,v1,,,,,3,M-1,,"Ceiling bound for stage 4's contribution. Expect a large drop - binding would become ungrounded - but measure it rather than assume."
A-07,5,Comment stripping isolated,Planned,"Stripping RTL comments for the asset stage costs nothing",RTL form,v1,"no measurable change",,,,3,M-1,,"Currently bundled into C-04 by argument rather than evidence. Promote only if the free claim needs proof."
